{
  "floors": {
    "0": [
      {
        "id": "2637:1819",
        "title": "\u0413-106",
        "building": "\u0412-78",
        "floor": 0,
        "graphFloor": 0,
        "x": 4308.54,
        "y": 2944.14,
        "capacity": 0,
        "room_type": "\u0410\u0443\u0434\u0438\u0442\u043e\u0440\u0438\u044f",
        "hitbox": {
          "matrix": [0.92506, -0.37984, 0.38945, 0.92106, 4227.55, 2917.21]
        },
        "width": 128.23,
        "height": 111.35
      },
      {
        "id": "2637:1818",
        "title": "\u0412-108",
        "building": "\u0412-78",
        "floor": 0,
        "graphFloor": 0,
        "x": 7105.94,
        "y": 2743.59,
        "capacity": 0,
        "room_type": "\u0410\u0443\u0434\u0438\u0442\u043e\u0440\u0438\u044f",
        "hitbox": {
          "matrix": [0.96146, 0.27498, -0.26307, 0.96478, 7073.71, 2663.5]
        },
        "width": 104.34,
        "height": 136.28
      }
    ],
    "1": [
      {
        "id": "2637:1820",
        "title": "\u0413-212",
        "building": "\u0412-78",
        "floor": 1,
        "graphFloor": 1,
        "x": 4708.65,
        "y": 2995.62,
        "capacity": 0,
        "room_type": "\u0410\u0443\u0434\u0438\u0442\u043e\u0440\u0438\u044f",
        "hitbox": {
          "matrix": [0.92691, -0.37528, 0.3848, 0.923, 4602.45, 2969.57]
        },
        "width": 176,
        "height": 128
      }
    ],
    "2": [
      {
        "id": "2367:8881",
        "title": "\u0414-316",
        "building": "\u0412-78",
        "floor": 2,
        "graphFloor": 2,
        "x": 8997.75,
        "y": 3313.16,
        "capacity": 0,
        "room_type": "\u0410\u0443\u0434\u0438\u0442\u043e\u0440\u0438\u044f",
        "hitbox": {
          "matrix": [0.96332, 0.26833, -0.27322, 0.96195, 8964.6, 3255.38]
        },
        "width": 95.35,
        "height": 93.53
      }
    ]
  }
}
